Simulation,Time,Population,Species,camouflage,feeding_bonus
0,0,58,Prey,0.7989372109292148,
0,0,77,Predator,,1.494730571279785
0,1,24,Prey,0.7989372109292148,
0,1,84,Predator,,1.494730571279785
0,2,10,Prey,0.7989372109292148,
0,2,85,Predator,,1.494730571279785
0,3,2,Prey,0.7989372109292148,
0,3,82,Predator,,1.494730571279785
0,4,2,Prey,0.7989372109292148,
0,4,79,Predator,,1.494730571279785
0,5,1,Prey,0.7989372109292148,
0,5,75,Predator,,1.494730571279785
0,6,0,Prey,0.7989372109292148,
0,6,71,Predator,,1.494730571279785
0,7,0,Prey,0.7989372109292148,
0,7,67,Predator,,1.494730571279785
0,8,0,Prey,0.7989372109292148,
0,8,62,Predator,,1.494730571279785
0,9,0,Prey,0.7989372109292148,
0,9,57,Predator,,1.494730571279785
0,10,0,Prey,0.7989372109292148,
0,10,53,Predator,,1.494730571279785
0,11,0,Prey,0.7989372109292148,
0,11,48,Predator,,1.494730571279785
0,12,0,Prey,0.7989372109292148,
0,12,47,Predator,,1.494730571279785
0,13,0,Prey,0.7989372109292148,
0,13,39,Predator,,1.494730571279785
0,14,0,Prey,0.7989372109292148,
0,14,36,Predator,,1.494730571279785
0,15,0,Prey,0.7989372109292148,
0,15,33,Predator,,1.494730571279785
0,16,0,Prey,0.7989372109292148,
0,16,30,Predator,,1.494730571279785
0,17,0,Prey,0.7989372109292148,
0,17,27,Predator,,1.494730571279785
0,18,0,Prey,0.7989372109292148,
0,18,23,Predator,,1.494730571279785
0,19,0,Prey,0.7989372109292148,
0,19,21,Predator,,1.494730571279785
0,20,0,Prey,0.7989372109292148,
0,20,21,Predator,,1.494730571279785
0,21,0,Prey,0.7989372109292148,
0,21,20,Predator,,1.494730571279785
0,22,0,Prey,0.7989372109292148,
0,22,15,Predator,,1.494730571279785
0,23,0,Prey,0.7989372109292148,
0,23,13,Predator,,1.494730571279785
0,24,0,Prey,0.7989372109292148,
0,24,13,Predator,,1.494730571279785
0,25,0,Prey,0.7989372109292148,
0,25,13,Predator,,1.494730571279785
0,26,0,Prey,0.7989372109292148,
0,26,10,Predator,,1.494730571279785
0,27,0,Prey,0.7989372109292148,
0,27,9,Predator,,1.494730571279785
0,28,0,Prey,0.7989372109292148,
0,28,8,Predator,,1.494730571279785
0,29,0,Prey,0.7989372109292148,
0,29,8,Predator,,1.494730571279785
0,30,0,Prey,0.7989372109292148,
0,30,7,Predator,,1.494730571279785
0,31,0,Prey,0.7989372109292148,
0,31,6,Predator,,1.494730571279785
0,32,0,Prey,0.7989372109292148,
0,32,4,Predator,,1.494730571279785
0,33,0,Prey,0.7989372109292148,
0,33,4,Predator,,1.494730571279785
0,34,0,Prey,0.7989372109292148,
0,34,4,Predator,,1.494730571279785
0,35,0,Prey,0.7989372109292148,
0,35,3,Predator,,1.494730571279785
0,36,0,Prey,0.7989372109292148,
0,36,3,Predator,,1.494730571279785
0,37,0,Prey,0.7989372109292148,
0,37,2,Predator,,1.494730571279785
0,38,0,Prey,0.7989372109292148,
0,38,1,Predator,,1.494730571279785
0,39,0,Prey,0.7989372109292148,
0,39,1,Predator,,1.494730571279785
0,40,0,Prey,0.7989372109292148,
0,40,1,Predator,,1.494730571279785
0,41,0,Prey,0.7989372109292148,
0,41,1,Predator,,1.494730571279785
0,42,0,Prey,0.7989372109292148,
0,42,1,Predator,,1.494730571279785
0,43,0,Prey,0.7989372109292148,
0,43,1,Predator,,1.494730571279785
0,44,0,Prey,0.7989372109292148,
0,44,1,Predator,,1.494730571279785
0,45,0,Prey,0.7989372109292148,
0,45,1,Predator,,1.494730571279785
0,46,0,Prey,0.7989372109292148,
0,46,1,Predator,,1.494730571279785
0,47,0,Prey,0.7989372109292148,
0,47,1,Predator,,1.494730571279785
0,48,0,Prey,0.7989372109292148,
0,48,1,Predator,,1.494730571279785
0,49,0,Prey,0.7989372109292148,
0,49,1,Predator,,1.494730571279785
0,50,0,Prey,0.7989372109292148,
0,50,1,Predator,,1.494730571279785
0,51,0,Prey,0.7989372109292148,
0,51,0,Predator,,1.494730571279785
0,52,0,Prey,0.7989372109292148,
0,52,0,Predator,,1.494730571279785
0,53,0,Prey,0.7989372109292148,
0,53,0,Predator,,1.494730571279785
0,54,0,Prey,0.7989372109292148,
0,54,0,Predator,,1.494730571279785
0,55,0,Prey,0.7989372109292148,
0,55,0,Predator,,1.494730571279785
0,56,0,Prey,0.7989372109292148,
0,56,0,Predator,,1.494730571279785
0,57,0,Prey,0.7989372109292148,
0,57,0,Predator,,1.494730571279785
0,58,0,Prey,0.7989372109292148,
0,58,0,Predator,,1.494730571279785
0,59,0,Prey,0.7989372109292148,
0,59,0,Predator,,1.494730571279785
1,0,59,Prey,0.7940859412419901,
1,0,82,Predator,,1.4686381187368878
1,1,26,Prey,0.7940859412419901,
1,1,87,Predator,,1.4686381187368878
1,2,12,Prey,0.7940859412419901,
1,2,77,Predator,,1.4686381187368878
1,3,9,Prey,0.7940859412419901,
1,3,71,Predator,,1.4686381187368878
1,4,3,Prey,0.7940859412419901,
1,4,60,Predator,,1.4686381187368878
1,5,3,Prey,0.7940859412419901,
1,5,54,Predator,,1.4686381187368878
1,6,4,Prey,0.7940859412419901,
1,6,47,Predator,,1.4686381187368878
1,7,2,Prey,0.7940859412419901,
1,7,39,Predator,,1.4686381187368878
1,8,2,Prey,0.7940859412419901,
1,8,38,Predator,,1.4686381187368878
1,9,2,Prey,0.7940859412419901,
1,9,33,Predator,,1.4686381187368878
1,10,3,Prey,0.7940859412419901,
1,10,31,Predator,,1.4686381187368878
1,11,3,Prey,0.7940859412419901,
1,11,27,Predator,,1.4686381187368878
1,12,1,Prey,0.7940859412419901,
1,12,24,Predator,,1.4686381187368878
1,13,1,Prey,0.7940859412419901,
1,13,22,Predator,,1.4686381187368878
1,14,1,Prey,0.7940859412419901,
1,14,19,Predator,,1.4686381187368878
1,15,1,Prey,0.7940859412419901,
1,15,19,Predator,,1.4686381187368878
1,16,1,Prey,0.7940859412419901,
1,16,19,Predator,,1.4686381187368878
1,17,2,Prey,0.7940859412419901,
1,17,19,Predator,,1.4686381187368878
1,18,3,Prey,0.7940859412419901,
1,18,16,Predator,,1.4686381187368878
1,19,2,Prey,0.7940859412419901,
1,19,14,Predator,,1.4686381187368878
1,20,1,Prey,0.7940859412419901,
1,20,12,Predator,,1.4686381187368878
1,21,1,Prey,0.7940859412419901,
1,21,10,Predator,,1.4686381187368878
1,22,2,Prey,0.7940859412419901,
1,22,10,Predator,,1.4686381187368878
1,23,2,Prey,0.7940859412419901,
1,23,7,Predator,,1.4686381187368878
1,24,1,Prey,0.7940859412419901,
1,24,4,Predator,,1.4686381187368878
1,25,1,Prey,0.7940859412419901,
1,25,4,Predator,,1.4686381187368878
1,26,2,Prey,0.7940859412419901,
1,26,4,Predator,,1.4686381187368878
1,27,2,Prey,0.7940859412419901,
1,27,3,Predator,,1.4686381187368878
1,28,2,Prey,0.7940859412419901,
1,28,3,Predator,,1.4686381187368878
1,29,2,Prey,0.7940859412419901,
1,29,3,Predator,,1.4686381187368878
1,30,4,Prey,0.7940859412419901,
1,30,3,Predator,,1.4686381187368878
1,31,2,Prey,0.7940859412419901,
1,31,3,Predator,,1.4686381187368878
1,32,1,Prey,0.7940859412419901,
1,32,3,Predator,,1.4686381187368878
1,33,2,Prey,0.7940859412419901,
1,33,2,Predator,,1.4686381187368878
1,34,1,Prey,0.7940859412419901,
1,34,2,Predator,,1.4686381187368878
1,35,1,Prey,0.7940859412419901,
1,35,1,Predator,,1.4686381187368878
1,36,1,Prey,0.7940859412419901,
1,36,1,Predator,,1.4686381187368878
1,37,1,Prey,0.7940859412419901,
1,37,1,Predator,,1.4686381187368878
1,38,1,Prey,0.7940859412419901,
1,38,0,Predator,,1.4686381187368878
1,39,2,Prey,0.7940859412419901,
1,39,0,Predator,,1.4686381187368878
1,40,2,Prey,0.7940859412419901,
1,40,0,Predator,,1.4686381187368878
1,41,3,Prey,0.7940859412419901,
1,41,0,Predator,,1.4686381187368878
1,42,4,Prey,0.7940859412419901,
1,42,0,Predator,,1.4686381187368878
1,43,3,Prey,0.7940859412419901,
1,43,0,Predator,,1.4686381187368878
1,44,3,Prey,0.7940859412419901,
1,44,0,Predator,,1.4686381187368878
1,45,4,Prey,0.7940859412419901,
1,45,0,Predator,,1.4686381187368878
1,46,6,Prey,0.7940859412419901,
1,46,0,Predator,,1.4686381187368878
1,47,7,Prey,0.7940859412419901,
1,47,0,Predator,,1.4686381187368878
1,48,9,Prey,0.7940859412419901,
1,48,0,Predator,,1.4686381187368878
1,49,12,Prey,0.7940859412419901,
1,49,0,Predator,,1.4686381187368878
1,50,14,Prey,0.7940859412419901,
1,50,0,Predator,,1.4686381187368878
1,51,18,Prey,0.7940859412419901,
1,51,0,Predator,,1.4686381187368878
1,52,22,Prey,0.7940859412419901,
1,52,0,Predator,,1.4686381187368878
1,53,26,Prey,0.7940859412419901,
1,53,0,Predator,,1.4686381187368878
1,54,31,Prey,0.7940859412419901,
1,54,0,Predator,,1.4686381187368878
1,55,36,Prey,0.7940859412419901,
1,55,0,Predator,,1.4686381187368878
1,56,43,Prey,0.7940859412419901,
1,56,0,Predator,,1.4686381187368878
1,57,49,Prey,0.7940859412419901,
1,57,0,Predator,,1.4686381187368878
1,58,59,Prey,0.7940859412419901,
1,58,0,Predator,,1.4686381187368878
1,59,69,Prey,0.7940859412419901,
1,59,0,Predator,,1.4686381187368878
2,0,115,Prey,0.5277158781519957,
2,0,75,Predator,,1.5516254186978247
2,1,106,Prey,0.5277158781519957,
2,1,81,Predator,,1.5516254186978247
2,2,86,Prey,0.5277158781519957,
2,2,93,Predator,,1.5516254186978247
2,3,86,Prey,0.5277158781519957,
2,3,102,Predator,,1.5516254186978247
2,4,59,Prey,0.5277158781519957,
2,4,117,Predator,,1.5516254186978247
2,5,56,Prey,0.5277158781519957,
2,5,119,Predator,,1.5516254186978247
2,6,48,Prey,0.5277158781519957,
2,6,122,Predator,,1.5516254186978247
2,7,37,Prey,0.5277158781519957,
2,7,123,Predator,,1.5516254186978247
2,8,29,Prey,0.5277158781519957,
2,8,119,Predator,,1.5516254186978247
2,9,20,Prey,0.5277158781519957,
2,9,112,Predator,,1.5516254186978247
2,10,18,Prey,0.5277158781519957,
2,10,109,Predator,,1.5516254186978247
2,11,18,Prey,0.5277158781519957,
2,11,102,Predator,,1.5516254186978247
2,12,11,Prey,0.5277158781519957,
2,12,98,Predator,,1.5516254186978247
2,13,8,Prey,0.5277158781519957,
2,13,93,Predator,,1.5516254186978247
2,14,12,Prey,0.5277158781519957,
2,14,86,Predator,,1.5516254186978247
2,15,7,Prey,0.5277158781519957,
2,15,85,Predator,,1.5516254186978247
2,16,6,Prey,0.5277158781519957,
2,16,83,Predator,,1.5516254186978247
2,17,4,Prey,0.5277158781519957,
2,17,81,Predator,,1.5516254186978247
2,18,4,Prey,0.5277158781519957,
2,18,68,Predator,,1.5516254186978247
2,19,2,Prey,0.5277158781519957,
2,19,63,Predator,,1.5516254186978247
2,20,2,Prey,0.5277158781519957,
2,20,58,Predator,,1.5516254186978247
2,21,2,Prey,0.5277158781519957,
2,21,56,Predator,,1.5516254186978247
2,22,1,Prey,0.5277158781519957,
2,22,52,Predator,,1.5516254186978247
2,23,1,Prey,0.5277158781519957,
2,23,47,Predator,,1.5516254186978247
2,24,1,Prey,0.5277158781519957,
2,24,45,Predator,,1.5516254186978247
2,25,2,Prey,0.5277158781519957,
2,25,41,Predator,,1.5516254186978247
2,26,1,Prey,0.5277158781519957,
2,26,38,Predator,,1.5516254186978247
2,27,2,Prey,0.5277158781519957,
2,27,37,Predator,,1.5516254186978247
2,28,3,Prey,0.5277158781519957,
2,28,33,Predator,,1.5516254186978247
2,29,4,Prey,0.5277158781519957,
2,29,29,Predator,,1.5516254186978247
2,30,2,Prey,0.5277158781519957,
2,30,28,Predator,,1.5516254186978247
2,31,2,Prey,0.5277158781519957,
2,31,23,Predator,,1.5516254186978247
2,32,2,Prey,0.5277158781519957,
2,32,23,Predator,,1.5516254186978247
2,33,2,Prey,0.5277158781519957,
2,33,23,Predator,,1.5516254186978247
2,34,1,Prey,0.5277158781519957,
2,34,23,Predator,,1.5516254186978247
2,35,1,Prey,0.5277158781519957,
2,35,19,Predator,,1.5516254186978247
2,36,1,Prey,0.5277158781519957,
2,36,18,Predator,,1.5516254186978247
2,37,1,Prey,0.5277158781519957,
2,37,16,Predator,,1.5516254186978247
2,38,2,Prey,0.5277158781519957,
2,38,15,Predator,,1.5516254186978247
2,39,3,Prey,0.5277158781519957,
2,39,14,Predator,,1.5516254186978247
2,40,4,Prey,0.5277158781519957,
2,40,14,Predator,,1.5516254186978247
2,41,1,Prey,0.5277158781519957,
2,41,13,Predator,,1.5516254186978247
2,42,2,Prey,0.5277158781519957,
2,42,13,Predator,,1.5516254186978247
2,43,2,Prey,0.5277158781519957,
2,43,13,Predator,,1.5516254186978247
2,44,3,Prey,0.5277158781519957,
2,44,12,Predator,,1.5516254186978247
2,45,1,Prey,0.5277158781519957,
2,45,12,Predator,,1.5516254186978247
2,46,1,Prey,0.5277158781519957,
2,46,11,Predator,,1.5516254186978247
2,47,1,Prey,0.5277158781519957,
2,47,11,Predator,,1.5516254186978247
2,48,1,Prey,0.5277158781519957,
2,48,10,Predator,,1.5516254186978247
2,49,2,Prey,0.5277158781519957,
2,49,9,Predator,,1.5516254186978247
2,50,2,Prey,0.5277158781519957,
2,50,7,Predator,,1.5516254186978247
2,51,2,Prey,0.5277158781519957,
2,51,7,Predator,,1.5516254186978247
2,52,2,Prey,0.5277158781519957,
2,52,7,Predator,,1.5516254186978247
2,53,2,Prey,0.5277158781519957,
2,53,7,Predator,,1.5516254186978247
2,54,2,Prey,0.5277158781519957,
2,54,8,Predator,,1.5516254186978247
2,55,1,Prey,0.5277158781519957,
2,55,7,Predator,,1.5516254186978247
2,56,1,Prey,0.5277158781519957,
2,56,7,Predator,,1.5516254186978247
2,57,2,Prey,0.5277158781519957,
2,57,6,Predator,,1.5516254186978247
2,58,3,Prey,0.5277158781519957,
2,58,6,Predator,,1.5516254186978247
2,59,2,Prey,0.5277158781519957,
2,59,7,Predator,,1.5516254186978247
3,0,89,Prey,0.7212989864367636,
3,0,70,Predator,,1.5508989554139851
3,1,72,Prey,0.7212989864367636,
3,1,82,Predator,,1.5508989554139851
3,2,43,Prey,0.7212989864367636,
3,2,93,Predator,,1.5508989554139851
3,3,40,Prey,0.7212989864367636,
3,3,96,Predator,,1.5508989554139851
3,4,26,Prey,0.7212989864367636,
3,4,94,Predator,,1.5508989554139851
3,5,15,Prey,0.7212989864367636,
3,5,96,Predator,,1.5508989554139851
3,6,16,Prey,0.7212989864367636,
3,6,86,Predator,,1.5508989554139851
3,7,15,Prey,0.7212989864367636,
3,7,77,Predator,,1.5508989554139851
3,8,10,Prey,0.7212989864367636,
3,8,75,Predator,,1.5508989554139851
3,9,9,Prey,0.7212989864367636,
3,9,66,Predator,,1.5508989554139851
3,10,4,Prey,0.7212989864367636,
3,10,64,Predator,,1.5508989554139851
3,11,6,Prey,0.7212989864367636,
3,11,59,Predator,,1.5508989554139851
3,12,5,Prey,0.7212989864367636,
3,12,57,Predator,,1.5508989554139851
3,13,5,Prey,0.7212989864367636,
3,13,52,Predator,,1.5508989554139851
3,14,2,Prey,0.7212989864367636,
3,14,43,Predator,,1.5508989554139851
3,15,3,Prey,0.7212989864367636,
3,15,38,Predator,,1.5508989554139851
3,16,2,Prey,0.7212989864367636,
3,16,34,Predator,,1.5508989554139851
3,17,3,Prey,0.7212989864367636,
3,17,27,Predator,,1.5508989554139851
3,18,3,Prey,0.7212989864367636,
3,18,22,Predator,,1.5508989554139851
3,19,3,Prey,0.7212989864367636,
3,19,22,Predator,,1.5508989554139851
3,20,2,Prey,0.7212989864367636,
3,20,20,Predator,,1.5508989554139851
3,21,3,Prey,0.7212989864367636,
3,21,20,Predator,,1.5508989554139851
3,22,3,Prey,0.7212989864367636,
3,22,19,Predator,,1.5508989554139851
3,23,3,Prey,0.7212989864367636,
3,23,19,Predator,,1.5508989554139851
3,24,1,Prey,0.7212989864367636,
3,24,18,Predator,,1.5508989554139851
3,25,0,Prey,0.7212989864367636,
3,25,15,Predator,,1.5508989554139851
3,26,0,Prey,0.7212989864367636,
3,26,15,Predator,,1.5508989554139851
3,27,0,Prey,0.7212989864367636,
3,27,13,Predator,,1.5508989554139851
3,28,0,Prey,0.7212989864367636,
3,28,12,Predator,,1.5508989554139851
3,29,0,Prey,0.7212989864367636,
3,29,9,Predator,,1.5508989554139851
3,30,0,Prey,0.7212989864367636,
3,30,9,Predator,,1.5508989554139851
3,31,0,Prey,0.7212989864367636,
3,31,9,Predator,,1.5508989554139851
3,32,0,Prey,0.7212989864367636,
3,32,6,Predator,,1.5508989554139851
3,33,0,Prey,0.7212989864367636,
3,33,5,Predator,,1.5508989554139851
3,34,0,Prey,0.7212989864367636,
3,34,4,Predator,,1.5508989554139851
3,35,0,Prey,0.7212989864367636,
3,35,4,Predator,,1.5508989554139851
3,36,0,Prey,0.7212989864367636,
3,36,4,Predator,,1.5508989554139851
3,37,0,Prey,0.7212989864367636,
3,37,4,Predator,,1.5508989554139851
3,38,0,Prey,0.7212989864367636,
3,38,4,Predator,,1.5508989554139851
3,39,0,Prey,0.7212989864367636,
3,39,3,Predator,,1.5508989554139851
3,40,0,Prey,0.7212989864367636,
3,40,2,Predator,,1.5508989554139851
3,41,0,Prey,0.7212989864367636,
3,41,2,Predator,,1.5508989554139851
3,42,0,Prey,0.7212989864367636,
3,42,2,Predator,,1.5508989554139851
3,43,0,Prey,0.7212989864367636,
3,43,2,Predator,,1.5508989554139851
3,44,0,Prey,0.7212989864367636,
3,44,2,Predator,,1.5508989554139851
3,45,0,Prey,0.7212989864367636,
3,45,1,Predator,,1.5508989554139851
3,46,0,Prey,0.7212989864367636,
3,46,1,Predator,,1.5508989554139851
3,47,0,Prey,0.7212989864367636,
3,47,1,Predator,,1.5508989554139851
3,48,0,Prey,0.7212989864367636,
3,48,1,Predator,,1.5508989554139851
3,49,0,Prey,0.7212989864367636,
3,49,0,Predator,,1.5508989554139851
3,50,0,Prey,0.7212989864367636,
3,50,0,Predator,,1.5508989554139851
3,51,0,Prey,0.7212989864367636,
3,51,0,Predator,,1.5508989554139851
3,52,0,Prey,0.7212989864367636,
3,52,0,Predator,,1.5508989554139851
3,53,0,Prey,0.7212989864367636,
3,53,0,Predator,,1.5508989554139851
3,54,0,Prey,0.7212989864367636,
3,54,0,Predator,,1.5508989554139851
3,55,0,Prey,0.7212989864367636,
3,55,0,Predator,,1.5508989554139851
3,56,0,Prey,0.7212989864367636,
3,56,0,Predator,,1.5508989554139851
3,57,0,Prey,0.7212989864367636,
3,57,0,Predator,,1.5508989554139851
3,58,0,Prey,0.7212989864367636,
3,58,0,Predator,,1.5508989554139851
3,59,0,Prey,0.7212989864367636,
3,59,0,Predator,,1.5508989554139851
4,0,124,Prey,0.7610717690762632,
4,0,75,Predator,,1.5007092107690545
4,1,93,Prey,0.7610717690762632,
4,1,96,Predator,,1.5007092107690545
4,2,27,Prey,0.7610717690762632,
4,2,107,Predator,,1.5007092107690545
4,3,12,Prey,0.7610717690762632,
4,3,101,Predator,,1.5007092107690545
4,4,6,Prey,0.7610717690762632,
4,4,92,Predator,,1.5007092107690545
4,5,1,Prey,0.7610717690762632,
4,5,90,Predator,,1.5007092107690545
4,6,0,Prey,0.7610717690762632,
4,6,82,Predator,,1.5007092107690545
4,7,0,Prey,0.7610717690762632,
4,7,75,Predator,,1.5007092107690545
4,8,0,Prey,0.7610717690762632,
4,8,64,Predator,,1.5007092107690545
4,9,0,Prey,0.7610717690762632,
4,9,58,Predator,,1.5007092107690545
4,10,0,Prey,0.7610717690762632,
4,10,50,Predator,,1.5007092107690545
4,11,0,Prey,0.7610717690762632,
4,11,46,Predator,,1.5007092107690545
4,12,0,Prey,0.7610717690762632,
4,12,39,Predator,,1.5007092107690545
4,13,0,Prey,0.7610717690762632,
4,13,31,Predator,,1.5007092107690545
4,14,0,Prey,0.7610717690762632,
4,14,26,Predator,,1.5007092107690545
4,15,0,Prey,0.7610717690762632,
4,15,22,Predator,,1.5007092107690545
4,16,0,Prey,0.7610717690762632,
4,16,19,Predator,,1.5007092107690545
4,17,0,Prey,0.7610717690762632,
4,17,16,Predator,,1.5007092107690545
4,18,0,Prey,0.7610717690762632,
4,18,13,Predator,,1.5007092107690545
4,19,0,Prey,0.7610717690762632,
4,19,11,Predator,,1.5007092107690545
4,20,0,Prey,0.7610717690762632,
4,20,11,Predator,,1.5007092107690545
4,21,0,Prey,0.7610717690762632,
4,21,10,Predator,,1.5007092107690545
4,22,0,Prey,0.7610717690762632,
4,22,8,Predator,,1.5007092107690545
4,23,0,Prey,0.7610717690762632,
4,23,7,Predator,,1.5007092107690545
4,24,0,Prey,0.7610717690762632,
4,24,7,Predator,,1.5007092107690545
4,25,0,Prey,0.7610717690762632,
4,25,7,Predator,,1.5007092107690545
4,26,0,Prey,0.7610717690762632,
4,26,6,Predator,,1.5007092107690545
4,27,0,Prey,0.7610717690762632,
4,27,5,Predator,,1.5007092107690545
4,28,0,Prey,0.7610717690762632,
4,28,5,Predator,,1.5007092107690545
4,29,0,Prey,0.7610717690762632,
4,29,4,Predator,,1.5007092107690545
4,30,0,Prey,0.7610717690762632,
4,30,3,Predator,,1.5007092107690545
4,31,0,Prey,0.7610717690762632,
4,31,1,Predator,,1.5007092107690545
4,32,0,Prey,0.7610717690762632,
4,32,1,Predator,,1.5007092107690545
4,33,0,Prey,0.7610717690762632,
4,33,1,Predator,,1.5007092107690545
4,34,0,Prey,0.7610717690762632,
4,34,1,Predator,,1.5007092107690545
4,35,0,Prey,0.7610717690762632,
4,35,1,Predator,,1.5007092107690545
4,36,0,Prey,0.7610717690762632,
4,36,1,Predator,,1.5007092107690545
4,37,0,Prey,0.7610717690762632,
4,37,1,Predator,,1.5007092107690545
4,38,0,Prey,0.7610717690762632,
4,38,1,Predator,,1.5007092107690545
4,39,0,Prey,0.7610717690762632,
4,39,1,Predator,,1.5007092107690545
4,40,0,Prey,0.7610717690762632,
4,40,1,Predator,,1.5007092107690545
4,41,0,Prey,0.7610717690762632,
4,41,1,Predator,,1.5007092107690545
4,42,0,Prey,0.7610717690762632,
4,42,1,Predator,,1.5007092107690545
4,43,0,Prey,0.7610717690762632,
4,43,1,Predator,,1.5007092107690545
4,44,0,Prey,0.7610717690762632,
4,44,1,Predator,,1.5007092107690545
4,45,0,Prey,0.7610717690762632,
4,45,0,Predator,,1.5007092107690545
4,46,0,Prey,0.7610717690762632,
4,46,0,Predator,,1.5007092107690545
4,47,0,Prey,0.7610717690762632,
4,47,0,Predator,,1.5007092107690545
4,48,0,Prey,0.7610717690762632,
4,48,0,Predator,,1.5007092107690545
4,49,0,Prey,0.7610717690762632,
4,49,0,Predator,,1.5007092107690545
4,50,0,Prey,0.7610717690762632,
4,50,0,Predator,,1.5007092107690545
4,51,0,Prey,0.7610717690762632,
4,51,0,Predator,,1.5007092107690545
4,52,0,Prey,0.7610717690762632,
4,52,0,Predator,,1.5007092107690545
4,53,0,Prey,0.7610717690762632,
4,53,0,Predator,,1.5007092107690545
4,54,0,Prey,0.7610717690762632,
4,54,0,Predator,,1.5007092107690545
4,55,0,Prey,0.7610717690762632,
4,55,0,Predator,,1.5007092107690545
4,56,0,Prey,0.7610717690762632,
4,56,0,Predator,,1.5007092107690545
4,57,0,Prey,0.7610717690762632,
4,57,0,Predator,,1.5007092107690545
4,58,0,Prey,0.7610717690762632,
4,58,0,Predator,,1.5007092107690545
4,59,0,Prey,0.7610717690762632,
4,59,0,Predator,,1.5007092107690545
5,0,130,Prey,0.7209167926348544,
5,0,70,Predator,,1.488394030410088
5,1,129,Prey,0.7209167926348544,
5,1,85,Predator,,1.488394030410088
5,2,123,Prey,0.7209167926348544,
5,2,82,Predator,,1.488394030410088
5,3,128,Prey,0.7209167926348544,
5,3,91,Predator,,1.488394030410088
5,4,117,Prey,0.7209167926348544,
5,4,110,Predator,,1.488394030410088
5,5,92,Prey,0.7209167926348544,
5,5,129,Predator,,1.488394030410088
5,6,75,Prey,0.7209167926348544,
5,6,141,Predator,,1.488394030410088
5,7,44,Prey,0.7209167926348544,
5,7,149,Predator,,1.488394030410088
5,8,33,Prey,0.7209167926348544,
5,8,150,Predator,,1.488394030410088
5,9,31,Prey,0.7209167926348544,
5,9,146,Predator,,1.488394030410088
5,10,32,Prey,0.7209167926348544,
5,10,140,Predator,,1.488394030410088
5,11,28,Prey,0.7209167926348544,
5,11,138,Predator,,1.488394030410088
5,12,30,Prey,0.7209167926348544,
5,12,128,Predator,,1.488394030410088
5,13,28,Prey,0.7209167926348544,
5,13,122,Predator,,1.488394030410088
5,14,19,Prey,0.7209167926348544,
5,14,116,Predator,,1.488394030410088
5,15,19,Prey,0.7209167926348544,
5,15,111,Predator,,1.488394030410088
5,16,20,Prey,0.7209167926348544,
5,16,108,Predator,,1.488394030410088
5,17,9,Prey,0.7209167926348544,
5,17,104,Predator,,1.488394030410088
5,18,5,Prey,0.7209167926348544,
5,18,94,Predator,,1.488394030410088
5,19,5,Prey,0.7209167926348544,
5,19,92,Predator,,1.488394030410088
5,20,7,Prey,0.7209167926348544,
5,20,84,Predator,,1.488394030410088
5,21,4,Prey,0.7209167926348544,
5,21,77,Predator,,1.488394030410088
5,22,1,Prey,0.7209167926348544,
5,22,69,Predator,,1.488394030410088
5,23,2,Prey,0.7209167926348544,
5,23,60,Predator,,1.488394030410088
5,24,3,Prey,0.7209167926348544,
5,24,58,Predator,,1.488394030410088
5,25,2,Prey,0.7209167926348544,
5,25,53,Predator,,1.488394030410088
5,26,1,Prey,0.7209167926348544,
5,26,50,Predator,,1.488394030410088
5,27,2,Prey,0.7209167926348544,
5,27,47,Predator,,1.488394030410088
5,28,1,Prey,0.7209167926348544,
5,28,43,Predator,,1.488394030410088
5,29,1,Prey,0.7209167926348544,
5,29,38,Predator,,1.488394030410088
5,30,1,Prey,0.7209167926348544,
5,30,34,Predator,,1.488394030410088
5,31,2,Prey,0.7209167926348544,
5,31,29,Predator,,1.488394030410088
5,32,3,Prey,0.7209167926348544,
5,32,27,Predator,,1.488394030410088
5,33,2,Prey,0.7209167926348544,
5,33,26,Predator,,1.488394030410088
5,34,3,Prey,0.7209167926348544,
5,34,23,Predator,,1.488394030410088
5,35,2,Prey,0.7209167926348544,
5,35,22,Predator,,1.488394030410088
5,36,2,Prey,0.7209167926348544,
5,36,19,Predator,,1.488394030410088
5,37,3,Prey,0.7209167926348544,
5,37,18,Predator,,1.488394030410088
5,38,2,Prey,0.7209167926348544,
5,38,18,Predator,,1.488394030410088
5,39,3,Prey,0.7209167926348544,
5,39,16,Predator,,1.488394030410088
5,40,3,Prey,0.7209167926348544,
5,40,15,Predator,,1.488394030410088
5,41,2,Prey,0.7209167926348544,
5,41,13,Predator,,1.488394030410088
5,42,1,Prey,0.7209167926348544,
5,42,11,Predator,,1.488394030410088
5,43,0,Prey,0.7209167926348544,
5,43,9,Predator,,1.488394030410088
5,44,0,Prey,0.7209167926348544,
5,44,7,Predator,,1.488394030410088
5,45,0,Prey,0.7209167926348544,
5,45,7,Predator,,1.488394030410088
5,46,0,Prey,0.7209167926348544,
5,46,7,Predator,,1.488394030410088
5,47,0,Prey,0.7209167926348544,
5,47,4,Predator,,1.488394030410088
5,48,0,Prey,0.7209167926348544,
5,48,4,Predator,,1.488394030410088
5,49,0,Prey,0.7209167926348544,
5,49,4,Predator,,1.488394030410088
5,50,0,Prey,0.7209167926348544,
5,50,4,Predator,,1.488394030410088
5,51,0,Prey,0.7209167926348544,
5,51,3,Predator,,1.488394030410088
5,52,0,Prey,0.7209167926348544,
5,52,2,Predator,,1.488394030410088
5,53,0,Prey,0.7209167926348544,
5,53,1,Predator,,1.488394030410088
5,54,0,Prey,0.7209167926348544,
5,54,1,Predator,,1.488394030410088
5,55,0,Prey,0.7209167926348544,
5,55,1,Predator,,1.488394030410088
5,56,0,Prey,0.7209167926348544,
5,56,1,Predator,,1.488394030410088
5,57,0,Prey,0.7209167926348544,
5,57,1,Predator,,1.488394030410088
5,58,0,Prey,0.7209167926348544,
5,58,1,Predator,,1.488394030410088
5,59,0,Prey,0.7209167926348544,
5,59,0,Predator,,1.488394030410088
6,0,92,Prey,0.5040753601209279,
6,0,82,Predator,,1.5153154082552367
6,1,80,Prey,0.5040753601209279,
6,1,87,Predator,,1.5153154082552367
6,2,65,Prey,0.5040753601209279,
6,2,99,Predator,,1.5153154082552367
6,3,59,Prey,0.5040753601209279,
6,3,102,Predator,,1.5153154082552367
6,4,56,Prey,0.5040753601209279,
6,4,95,Predator,,1.5153154082552367
6,5,53,Prey,0.5040753601209279,
6,5,100,Predator,,1.5153154082552367
6,6,46,Prey,0.5040753601209279,
6,6,108,Predator,,1.5153154082552367
6,7,39,Prey,0.5040753601209279,
6,7,110,Predator,,1.5153154082552367
6,8,40,Prey,0.5040753601209279,
6,8,105,Predator,,1.5153154082552367
6,9,39,Prey,0.5040753601209279,
6,9,99,Predator,,1.5153154082552367
6,10,36,Prey,0.5040753601209279,
6,10,98,Predator,,1.5153154082552367
6,11,37,Prey,0.5040753601209279,
6,11,94,Predator,,1.5153154082552367
6,12,32,Prey,0.5040753601209279,
6,12,97,Predator,,1.5153154082552367
6,13,33,Prey,0.5040753601209279,
6,13,98,Predator,,1.5153154082552367
6,14,32,Prey,0.5040753601209279,
6,14,91,Predator,,1.5153154082552367
6,15,27,Prey,0.5040753601209279,
6,15,85,Predator,,1.5153154082552367
6,16,26,Prey,0.5040753601209279,
6,16,86,Predator,,1.5153154082552367
6,17,29,Prey,0.5040753601209279,
6,17,86,Predator,,1.5153154082552367
6,18,22,Prey,0.5040753601209279,
6,18,79,Predator,,1.5153154082552367
6,19,20,Prey,0.5040753601209279,
6,19,74,Predator,,1.5153154082552367
6,20,13,Prey,0.5040753601209279,
6,20,74,Predator,,1.5153154082552367
6,21,13,Prey,0.5040753601209279,
6,21,72,Predator,,1.5153154082552367
6,22,10,Prey,0.5040753601209279,
6,22,69,Predator,,1.5153154082552367
6,23,6,Prey,0.5040753601209279,
6,23,61,Predator,,1.5153154082552367
6,24,8,Prey,0.5040753601209279,
6,24,55,Predator,,1.5153154082552367
6,25,9,Prey,0.5040753601209279,
6,25,54,Predator,,1.5153154082552367
6,26,12,Prey,0.5040753601209279,
6,26,46,Predator,,1.5153154082552367
6,27,12,Prey,0.5040753601209279,
6,27,38,Predator,,1.5153154082552367
6,28,10,Prey,0.5040753601209279,
6,28,38,Predator,,1.5153154082552367
6,29,8,Prey,0.5040753601209279,
6,29,38,Predator,,1.5153154082552367
6,30,8,Prey,0.5040753601209279,
6,30,37,Predator,,1.5153154082552367
6,31,5,Prey,0.5040753601209279,
6,31,36,Predator,,1.5153154082552367
6,32,3,Prey,0.5040753601209279,
6,32,31,Predator,,1.5153154082552367
6,33,1,Prey,0.5040753601209279,
6,33,30,Predator,,1.5153154082552367
6,34,1,Prey,0.5040753601209279,
6,34,23,Predator,,1.5153154082552367
6,35,0,Prey,0.5040753601209279,
6,35,18,Predator,,1.5153154082552367
6,36,0,Prey,0.5040753601209279,
6,36,18,Predator,,1.5153154082552367
6,37,0,Prey,0.5040753601209279,
6,37,14,Predator,,1.5153154082552367
6,38,0,Prey,0.5040753601209279,
6,38,13,Predator,,1.5153154082552367
6,39,0,Prey,0.5040753601209279,
6,39,12,Predator,,1.5153154082552367
6,40,0,Prey,0.5040753601209279,
6,40,10,Predator,,1.5153154082552367
6,41,0,Prey,0.5040753601209279,
6,41,9,Predator,,1.5153154082552367
6,42,0,Prey,0.5040753601209279,
6,42,8,Predator,,1.5153154082552367
6,43,0,Prey,0.5040753601209279,
6,43,5,Predator,,1.5153154082552367
6,44,0,Prey,0.5040753601209279,
6,44,3,Predator,,1.5153154082552367
6,45,0,Prey,0.5040753601209279,
6,45,3,Predator,,1.5153154082552367
6,46,0,Prey,0.5040753601209279,
6,46,2,Predator,,1.5153154082552367
6,47,0,Prey,0.5040753601209279,
6,47,2,Predator,,1.5153154082552367
6,48,0,Prey,0.5040753601209279,
6,48,1,Predator,,1.5153154082552367
6,49,0,Prey,0.5040753601209279,
6,49,1,Predator,,1.5153154082552367
6,50,0,Prey,0.5040753601209279,
6,50,0,Predator,,1.5153154082552367
6,51,0,Prey,0.5040753601209279,
6,51,0,Predator,,1.5153154082552367
6,52,0,Prey,0.5040753601209279,
6,52,0,Predator,,1.5153154082552367
6,53,0,Prey,0.5040753601209279,
6,53,0,Predator,,1.5153154082552367
6,54,0,Prey,0.5040753601209279,
6,54,0,Predator,,1.5153154082552367
6,55,0,Prey,0.5040753601209279,
6,55,0,Predator,,1.5153154082552367
6,56,0,Prey,0.5040753601209279,
6,56,0,Predator,,1.5153154082552367
6,57,0,Prey,0.5040753601209279,
6,57,0,Predator,,1.5153154082552367
6,58,0,Prey,0.5040753601209279,
6,58,0,Predator,,1.5153154082552367
6,59,0,Prey,0.5040753601209279,
6,59,0,Predator,,1.5153154082552367
7,0,121,Prey,0.7311383286987062,
7,0,82,Predator,,1.5010059985876802
7,1,87,Prey,0.7311383286987062,
7,1,104,Predator,,1.5010059985876802
7,2,41,Prey,0.7311383286987062,
7,2,117,Predator,,1.5010059985876802
7,3,23,Prey,0.7311383286987062,
7,3,118,Predator,,1.5010059985876802
7,4,9,Prey,0.7311383286987062,
7,4,114,Predator,,1.5010059985876802
7,5,4,Prey,0.7311383286987062,
7,5,99,Predator,,1.5010059985876802
7,6,4,Prey,0.7311383286987062,
7,6,91,Predator,,1.5010059985876802
7,7,1,Prey,0.7311383286987062,
7,7,81,Predator,,1.5010059985876802
7,8,0,Prey,0.7311383286987062,
7,8,75,Predator,,1.5010059985876802
7,9,0,Prey,0.7311383286987062,
7,9,67,Predator,,1.5010059985876802
7,10,0,Prey,0.7311383286987062,
7,10,55,Predator,,1.5010059985876802
7,11,0,Prey,0.7311383286987062,
7,11,47,Predator,,1.5010059985876802
7,12,0,Prey,0.7311383286987062,
7,12,38,Predator,,1.5010059985876802
7,13,0,Prey,0.7311383286987062,
7,13,34,Predator,,1.5010059985876802
7,14,0,Prey,0.7311383286987062,
7,14,27,Predator,,1.5010059985876802
7,15,0,Prey,0.7311383286987062,
7,15,25,Predator,,1.5010059985876802
7,16,0,Prey,0.7311383286987062,
7,16,22,Predator,,1.5010059985876802
7,17,0,Prey,0.7311383286987062,
7,17,18,Predator,,1.5010059985876802
7,18,0,Prey,0.7311383286987062,
7,18,14,Predator,,1.5010059985876802
7,19,0,Prey,0.7311383286987062,
7,19,13,Predator,,1.5010059985876802
7,20,0,Prey,0.7311383286987062,
7,20,13,Predator,,1.5010059985876802
7,21,0,Prey,0.7311383286987062,
7,21,12,Predator,,1.5010059985876802
7,22,0,Prey,0.7311383286987062,
7,22,11,Predator,,1.5010059985876802
7,23,0,Prey,0.7311383286987062,
7,23,11,Predator,,1.5010059985876802
7,24,0,Prey,0.7311383286987062,
7,24,10,Predator,,1.5010059985876802
7,25,0,Prey,0.7311383286987062,
7,25,9,Predator,,1.5010059985876802
7,26,0,Prey,0.7311383286987062,
7,26,8,Predator,,1.5010059985876802
7,27,0,Prey,0.7311383286987062,
7,27,7,Predator,,1.5010059985876802
7,28,0,Prey,0.7311383286987062,
7,28,6,Predator,,1.5010059985876802
7,29,0,Prey,0.7311383286987062,
7,29,6,Predator,,1.5010059985876802
7,30,0,Prey,0.7311383286987062,
7,30,5,Predator,,1.5010059985876802
7,31,0,Prey,0.7311383286987062,
7,31,5,Predator,,1.5010059985876802
7,32,0,Prey,0.7311383286987062,
7,32,5,Predator,,1.5010059985876802
7,33,0,Prey,0.7311383286987062,
7,33,4,Predator,,1.5010059985876802
7,34,0,Prey,0.7311383286987062,
7,34,4,Predator,,1.5010059985876802
7,35,0,Prey,0.7311383286987062,
7,35,3,Predator,,1.5010059985876802
7,36,0,Prey,0.7311383286987062,
7,36,2,Predator,,1.5010059985876802
7,37,0,Prey,0.7311383286987062,
7,37,2,Predator,,1.5010059985876802
7,38,0,Prey,0.7311383286987062,
7,38,2,Predator,,1.5010059985876802
7,39,0,Prey,0.7311383286987062,
7,39,2,Predator,,1.5010059985876802
7,40,0,Prey,0.7311383286987062,
7,40,2,Predator,,1.5010059985876802
7,41,0,Prey,0.7311383286987062,
7,41,2,Predator,,1.5010059985876802
7,42,0,Prey,0.7311383286987062,
7,42,2,Predator,,1.5010059985876802
7,43,0,Prey,0.7311383286987062,
7,43,2,Predator,,1.5010059985876802
7,44,0,Prey,0.7311383286987062,
7,44,1,Predator,,1.5010059985876802
7,45,0,Prey,0.7311383286987062,
7,45,1,Predator,,1.5010059985876802
7,46,0,Prey,0.7311383286987062,
7,46,1,Predator,,1.5010059985876802
7,47,0,Prey,0.7311383286987062,
7,47,1,Predator,,1.5010059985876802
7,48,0,Prey,0.7311383286987062,
7,48,1,Predator,,1.5010059985876802
7,49,0,Prey,0.7311383286987062,
7,49,1,Predator,,1.5010059985876802
7,50,0,Prey,0.7311383286987062,
7,50,1,Predator,,1.5010059985876802
7,51,0,Prey,0.7311383286987062,
7,51,1,Predator,,1.5010059985876802
7,52,0,Prey,0.7311383286987062,
7,52,1,Predator,,1.5010059985876802
7,53,0,Prey,0.7311383286987062,
7,53,1,Predator,,1.5010059985876802
7,54,0,Prey,0.7311383286987062,
7,54,1,Predator,,1.5010059985876802
7,55,0,Prey,0.7311383286987062,
7,55,1,Predator,,1.5010059985876802
7,56,0,Prey,0.7311383286987062,
7,56,1,Predator,,1.5010059985876802
7,57,0,Prey,0.7311383286987062,
7,57,1,Predator,,1.5010059985876802
7,58,0,Prey,0.7311383286987062,
7,58,1,Predator,,1.5010059985876802
7,59,0,Prey,0.7311383286987062,
7,59,1,Predator,,1.5010059985876802
8,0,152,Prey,0.6129773019316223,
8,0,77,Predator,,1.5437291537824778
8,1,129,Prey,0.6129773019316223,
8,1,99,Predator,,1.5437291537824778
8,2,94,Prey,0.6129773019316223,
8,2,121,Predator,,1.5437291537824778
8,3,56,Prey,0.6129773019316223,
8,3,143,Predator,,1.5437291537824778
8,4,33,Prey,0.6129773019316223,
8,4,155,Predator,,1.5437291537824778
8,5,29,Prey,0.6129773019316223,
8,5,147,Predator,,1.5437291537824778
8,6,17,Prey,0.6129773019316223,
8,6,146,Predator,,1.5437291537824778
8,7,15,Prey,0.6129773019316223,
8,7,129,Predator,,1.5437291537824778
8,8,6,Prey,0.6129773019316223,
8,8,118,Predator,,1.5437291537824778
8,9,6,Prey,0.6129773019316223,
8,9,106,Predator,,1.5437291537824778
8,10,1,Prey,0.6129773019316223,
8,10,98,Predator,,1.5437291537824778
8,11,0,Prey,0.6129773019316223,
8,11,92,Predator,,1.5437291537824778
8,12,0,Prey,0.6129773019316223,
8,12,84,Predator,,1.5437291537824778
8,13,0,Prey,0.6129773019316223,
8,13,78,Predator,,1.5437291537824778
8,14,0,Prey,0.6129773019316223,
8,14,72,Predator,,1.5437291537824778
8,15,0,Prey,0.6129773019316223,
8,15,61,Predator,,1.5437291537824778
8,16,0,Prey,0.6129773019316223,
8,16,55,Predator,,1.5437291537824778
8,17,0,Prey,0.6129773019316223,
8,17,51,Predator,,1.5437291537824778
8,18,0,Prey,0.6129773019316223,
8,18,45,Predator,,1.5437291537824778
8,19,0,Prey,0.6129773019316223,
8,19,38,Predator,,1.5437291537824778
8,20,0,Prey,0.6129773019316223,
8,20,35,Predator,,1.5437291537824778
8,21,0,Prey,0.6129773019316223,
8,21,33,Predator,,1.5437291537824778
8,22,0,Prey,0.6129773019316223,
8,22,28,Predator,,1.5437291537824778
8,23,0,Prey,0.6129773019316223,
8,23,23,Predator,,1.5437291537824778
8,24,0,Prey,0.6129773019316223,
8,24,20,Predator,,1.5437291537824778
8,25,0,Prey,0.6129773019316223,
8,25,18,Predator,,1.5437291537824778
8,26,0,Prey,0.6129773019316223,
8,26,16,Predator,,1.5437291537824778
8,27,0,Prey,0.6129773019316223,
8,27,16,Predator,,1.5437291537824778
8,28,0,Prey,0.6129773019316223,
8,28,10,Predator,,1.5437291537824778
8,29,0,Prey,0.6129773019316223,
8,29,9,Predator,,1.5437291537824778
8,30,0,Prey,0.6129773019316223,
8,30,9,Predator,,1.5437291537824778
8,31,0,Prey,0.6129773019316223,
8,31,7,Predator,,1.5437291537824778
8,32,0,Prey,0.6129773019316223,
8,32,6,Predator,,1.5437291537824778
8,33,0,Prey,0.6129773019316223,
8,33,5,Predator,,1.5437291537824778
8,34,0,Prey,0.6129773019316223,
8,34,4,Predator,,1.5437291537824778
8,35,0,Prey,0.6129773019316223,
8,35,3,Predator,,1.5437291537824778
8,36,0,Prey,0.6129773019316223,
8,36,2,Predator,,1.5437291537824778
8,37,0,Prey,0.6129773019316223,
8,37,2,Predator,,1.5437291537824778
8,38,0,Prey,0.6129773019316223,
8,38,2,Predator,,1.5437291537824778
8,39,0,Prey,0.6129773019316223,
8,39,2,Predator,,1.5437291537824778
8,40,0,Prey,0.6129773019316223,
8,40,1,Predator,,1.5437291537824778
8,41,0,Prey,0.6129773019316223,
8,41,1,Predator,,1.5437291537824778
8,42,0,Prey,0.6129773019316223,
8,42,0,Predator,,1.5437291537824778
8,43,0,Prey,0.6129773019316223,
8,43,0,Predator,,1.5437291537824778
8,44,0,Prey,0.6129773019316223,
8,44,0,Predator,,1.5437291537824778
8,45,0,Prey,0.6129773019316223,
8,45,0,Predator,,1.5437291537824778
8,46,0,Prey,0.6129773019316223,
8,46,0,Predator,,1.5437291537824778
8,47,0,Prey,0.6129773019316223,
8,47,0,Predator,,1.5437291537824778
8,48,0,Prey,0.6129773019316223,
8,48,0,Predator,,1.5437291537824778
8,49,0,Prey,0.6129773019316223,
8,49,0,Predator,,1.5437291537824778
8,50,0,Prey,0.6129773019316223,
8,50,0,Predator,,1.5437291537824778
8,51,0,Prey,0.6129773019316223,
8,51,0,Predator,,1.5437291537824778
8,52,0,Prey,0.6129773019316223,
8,52,0,Predator,,1.5437291537824778
8,53,0,Prey,0.6129773019316223,
8,53,0,Predator,,1.5437291537824778
8,54,0,Prey,0.6129773019316223,
8,54,0,Predator,,1.5437291537824778
8,55,0,Prey,0.6129773019316223,
8,55,0,Predator,,1.5437291537824778
8,56,0,Prey,0.6129773019316223,
8,56,0,Predator,,1.5437291537824778
8,57,0,Prey,0.6129773019316223,
8,57,0,Predator,,1.5437291537824778
8,58,0,Prey,0.6129773019316223,
8,58,0,Predator,,1.5437291537824778
8,59,0,Prey,0.6129773019316223,
8,59,0,Predator,,1.5437291537824778
9,0,111,Prey,0.6820404421467945,
9,0,90,Predator,,1.5344722928781664
9,1,80,Prey,0.6820404421467945,
9,1,116,Predator,,1.5344722928781664
9,2,56,Prey,0.6820404421467945,
9,2,129,Predator,,1.5344722928781664
9,3,33,Prey,0.6820404421467945,
9,3,133,Predator,,1.5344722928781664
9,4,21,Prey,0.6820404421467945,
9,4,128,Predator,,1.5344722928781664
9,5,14,Prey,0.6820404421467945,
9,5,133,Predator,,1.5344722928781664
9,6,6,Prey,0.6820404421467945,
9,6,120,Predator,,1.5344722928781664
9,7,2,Prey,0.6820404421467945,
9,7,112,Predator,,1.5344722928781664
9,8,3,Prey,0.6820404421467945,
9,8,100,Predator,,1.5344722928781664
9,9,3,Prey,0.6820404421467945,
9,9,92,Predator,,1.5344722928781664
9,10,5,Prey,0.6820404421467945,
9,10,84,Predator,,1.5344722928781664
9,11,5,Prey,0.6820404421467945,
9,11,78,Predator,,1.5344722928781664
9,12,4,Prey,0.6820404421467945,
9,12,73,Predator,,1.5344722928781664
9,13,4,Prey,0.6820404421467945,
9,13,68,Predator,,1.5344722928781664
9,14,4,Prey,0.6820404421467945,
9,14,62,Predator,,1.5344722928781664
9,15,4,Prey,0.6820404421467945,
9,15,53,Predator,,1.5344722928781664
9,16,3,Prey,0.6820404421467945,
9,16,48,Predator,,1.5344722928781664
9,17,3,Prey,0.6820404421467945,
9,17,44,Predator,,1.5344722928781664
9,18,2,Prey,0.6820404421467945,
9,18,42,Predator,,1.5344722928781664
9,19,2,Prey,0.6820404421467945,
9,19,40,Predator,,1.5344722928781664
9,20,1,Prey,0.6820404421467945,
9,20,37,Predator,,1.5344722928781664
9,21,1,Prey,0.6820404421467945,
9,21,32,Predator,,1.5344722928781664
9,22,2,Prey,0.6820404421467945,
9,22,31,Predator,,1.5344722928781664
9,23,2,Prey,0.6820404421467945,
9,23,29,Predator,,1.5344722928781664
9,24,2,Prey,0.6820404421467945,
9,24,24,Predator,,1.5344722928781664
9,25,0,Prey,0.6820404421467945,
9,25,24,Predator,,1.5344722928781664
9,26,0,Prey,0.6820404421467945,
9,26,23,Predator,,1.5344722928781664
9,27,0,Prey,0.6820404421467945,
9,27,20,Predator,,1.5344722928781664
9,28,0,Prey,0.6820404421467945,
9,28,18,Predator,,1.5344722928781664
9,29,0,Prey,0.6820404421467945,
9,29,16,Predator,,1.5344722928781664
9,30,0,Prey,0.6820404421467945,
9,30,15,Predator,,1.5344722928781664
9,31,0,Prey,0.6820404421467945,
9,31,15,Predator,,1.5344722928781664
9,32,0,Prey,0.6820404421467945,
9,32,11,Predator,,1.5344722928781664
9,33,0,Prey,0.6820404421467945,
9,33,10,Predator,,1.5344722928781664
9,34,0,Prey,0.6820404421467945,
9,34,9,Predator,,1.5344722928781664
9,35,0,Prey,0.6820404421467945,
9,35,6,Predator,,1.5344722928781664
9,36,0,Prey,0.6820404421467945,
9,36,6,Predator,,1.5344722928781664
9,37,0,Prey,0.6820404421467945,
9,37,6,Predator,,1.5344722928781664
9,38,0,Prey,0.6820404421467945,
9,38,4,Predator,,1.5344722928781664
9,39,0,Prey,0.6820404421467945,
9,39,4,Predator,,1.5344722928781664
9,40,0,Prey,0.6820404421467945,
9,40,4,Predator,,1.5344722928781664
9,41,0,Prey,0.6820404421467945,
9,41,3,Predator,,1.5344722928781664
9,42,0,Prey,0.6820404421467945,
9,42,2,Predator,,1.5344722928781664
9,43,0,Prey,0.6820404421467945,
9,43,2,Predator,,1.5344722928781664
9,44,0,Prey,0.6820404421467945,
9,44,2,Predator,,1.5344722928781664
9,45,0,Prey,0.6820404421467945,
9,45,2,Predator,,1.5344722928781664
9,46,0,Prey,0.6820404421467945,
9,46,2,Predator,,1.5344722928781664
9,47,0,Prey,0.6820404421467945,
9,47,2,Predator,,1.5344722928781664
9,48,0,Prey,0.6820404421467945,
9,48,2,Predator,,1.5344722928781664
9,49,0,Prey,0.6820404421467945,
9,49,2,Predator,,1.5344722928781664
9,50,0,Prey,0.6820404421467945,
9,50,2,Predator,,1.5344722928781664
9,51,0,Prey,0.6820404421467945,
9,51,2,Predator,,1.5344722928781664
9,52,0,Prey,0.6820404421467945,
9,52,2,Predator,,1.5344722928781664
9,53,0,Prey,0.6820404421467945,
9,53,2,Predator,,1.5344722928781664
9,54,0,Prey,0.6820404421467945,
9,54,2,Predator,,1.5344722928781664
9,55,0,Prey,0.6820404421467945,
9,55,2,Predator,,1.5344722928781664
9,56,0,Prey,0.6820404421467945,
9,56,1,Predator,,1.5344722928781664
9,57,0,Prey,0.6820404421467945,
9,57,1,Predator,,1.5344722928781664
9,58,0,Prey,0.6820404421467945,
9,58,1,Predator,,1.5344722928781664
9,59,0,Prey,0.6820404421467945,
9,59,1,Predator,,1.5344722928781664
